<?xml version="1.0" encoding="UTF-8" standalone="yes"?>
<addon id="repository.Hooligan" name="Hooligan" version="0.0.1" provider-name="william hooligan">
	<extension point="xbmc.addon.repository" name="Hooligan">
		<dir>
			<info compressed="false">https://raw.githubusercontent.com/totalrevolution/python-koding/master/zips/addons.xml</info>
			<checksum>https://raw.githubusercontent.com/totalrevolution/python-koding/master/zips/addons.xml.md5</checksum>
			<datadir zip="true">https://raw.githubusercontent.com/totalrevolution/python-koding/master/zips/</datadir>
		</dir>
		<info compressed="false">https://raw.githubusercontent.com/Hooligan64/repository.Hooligan/master/zips/addons.xml</info>
		<checksum>https://raw.githubusercontent.com/Hooligan64/repository.Hooligan/master/zips/addons.xml.md5</checksum>
		<datadir zip="true">https://raw.githubusercontent.com/Hooligan64/repository.Hooligan/master/zips/</datadir>
	</extension>
	<extension point="xbmc.addon.metadata">
		<summary lang="en">Just a test</summary>
		<description lang="en">Repo for my friends and family</description>
		<genre>anime,comedy,health,kids,movies,sports,tvshows</genre>
	</extension>
</addon>